GDP per capita,year,tight,loose,indi,coll,old_care_vir,young_care_vir,old_care_vic,young_care_vic,old_fare_vir,young_fare_vir,old_fare_vic,young_fare_vic,old_loya_vir,young_loya_vir,old_loya_vic,young_loya_vic,old_auth_vir,young_auth_vir,old_auth_vic,young_auth_vic,old_sanc_vir,young_sanc_vir,old_sanc_vic,young_sanc_vic,old_care,old_fare,old_loya,old_auth,old_sanc,old_virtue,old_vice,young_care,young_fare,young_loya,young_auth,young_sanc,young_virtue,young_vice,old_positive,young_positive,old_negative,young_negative,old_competent,young_competent,old_warm,young_warm,old_incompetent,young_incompetent,old_unwarm,young_unwarm
799.0,1950,0.0023678380115939,0.0014133978423274,0.0002111562645836,0.0009693750824908,-0.014116071,0.12274656,0.4908189,0.30023992,-0.17956635,0.03210085,0.11496862,0.01664484,-0.032489784,0.30675903,0.38635978,0.25552195,-0.14025724,0.014930524,0.03291788,-0.10179567,0.09970752,0.2615624,0.11537191,0.0569227,0.4908189,0.11496862,0.38635978,0.03291788,0.11537191,-0.0533443868160247,0.2280874252319336,0.30023992,0.01664484,0.25552195,-0.10179567,0.0569227,0.1476198673248291,0.1055067420005798,0.263975,0.43060696,0.28342736,0.27729297,-0.0056920275,0.19014692,0.33162796,0.46501333,0.1967934,0.06624191,0.22900471,0.1783303
950.0,1951,0.002377664309597,0.0013693728802991,0.0001952919523318,0.0008478401311094,-0.05934968,0.13233238,0.5463116,0.43751907,-0.1969503,0.037134044,0.13240176,0.2351386,-0.023234995,0.22761706,0.36547476,0.29496038,-0.14983544,0.05192768,0.05784431,0.05142282,0.09366292,0.28368124,0.11469005,0.13845748,0.5463116,0.13240176,0.36547476,0.05784431,0.11469005,-0.0671414971351623,0.243344497680664,0.43751907,0.2351386,0.29496038,0.05142282,0.13845748,0.1465384840965271,0.2314996719360351,0.27500474,0.45203748,0.31076524,0.34632045,-0.0037801191,0.2755709,0.30449712,0.45528433,0.16865158,0.16205241,0.19794814,0.21428986
1047.0,1952,0.0022666129011289,0.001429752161016,0.0001914108385487,0.0008521259222789,0.060572878,0.1539418,0.44213986,0.18530917,-0.1570993,0.0015624631,0.05318016,0.019320719,0.0025856048,0.27081695,0.23938124,0.22158484,-0.21994868,-0.07596659,0.11234968,-0.038957316,0.044719644,0.22964048,0.06238179,0.026250998,0.44213986,0.05318016,0.23938124,0.11234968,0.06238179,-0.0538339734077453,0.1818865537643432,0.18530917,0.019320719,0.22158484,-0.038957316,0.026250998,0.1159990191459655,0.0827016830444336,0.26349956,0.42522907,0.2115044,0.17633554,0.029386578,0.24761648,0.31504,0.40506858,0.056002926,-0.033952847,0.108154394,0.045064397
1157.0,1953,0.0021503207799144,0.0014707932930296,0.0002054181364863,0.0008300026062215,-0.004270468,0.17807278,0.43204182,0.21592027,-0.13293111,0.08485252,0.23235153,0.12976025,0.012624934,0.27685526,0.3221594,0.17236052,-0.19068974,-0.031701393,0.079356894,0.009482883,0.15640464,0.3475817,0.038874507,0.019799683,0.43204182,0.23235153,0.3221594,0.079356894,0.038874507,-0.0317723453044891,0.2209568262100219,0.21592027,0.12976025,0.17236052,0.009482883,0.019799683,0.1711321830749511,0.1094647288322448,0.25452802,0.45093632,0.31781697,0.22132462,-0.034130715,0.26443347,0.326711,0.47358638,0.076872125,-0.0030708192,0.19469634,0.127003
1049.0,1954,0.0019928445323265,0.0016114866514129,0.0002051171959495,0.0008252079824322,-0.04967099,0.14977795,0.48834443,0.29716435,-0.15453914,0.022034645,0.032631114,0.034490038,-0.056214496,0.21554622,0.13271444,0.0672057,-0.18168761,-0.07339683,-0.06508582,-0.095714465,0.033671156,0.24285255,0.08007439,0.047301814,0.48834443,0.032631114,0.13271444,-0.06508582,0.08007439,-0.0816882133483886,0.133735704421997,0.29716435,0.034490038,0.0672057,-0.095714465,0.047301814,0.1113629102706909,0.0700894951820373,0.24394126,0.44938004,0.43455595,0.30201164,-0.0029206425,0.2955892,0.26932028,0.42203867,0.24217512,0.12871952,0.234713,0.17242435
1119.0,1955,0.0019432719136602,0.0016583807527002,0.0002070813354099,0.0008666974782564,-0.040996093,0.12975973,0.46376675,0.22851378,-0.18426678,-0.081814066,-0.03800707,-0.09159523,-0.056493767,0.2698294,0.34526038,0.19926497,-0.18552619,-0.16029055,-0.07279526,-0.090297885,0.07643315,0.29205108,0.15802418,0.1491208,0.46376675,-0.03800707,0.34526038,-0.07279526,0.15802418,-0.0781699359416961,0.1712497949600219,0.22851378,-0.09159523,0.19926497,-0.090297885,0.1491208,0.0899071216583251,0.0790012836456298,0.31208628,0.51733613,0.35154638,0.32206357,0.07506241,0.27009487,0.28591138,0.45107728,0.23613982,0.083439,0.24139538,0.14458294
1189.0,1956,0.0020217791285241,0.0017135152264365,0.0001936896075628,0.0008637386862022,-0.051150456,0.06652523,0.33185917,0.1903278,-0.20504668,-0.07704212,-0.06763521,-0.014894433,0.011102198,0.2741717,0.40179706,0.22529627,-0.10242504,-0.08310413,-0.027541269,-0.091625474,0.10978313,0.24850646,0.13300188,0.042594388,0.33185917,-0.06763521,0.40179706,-0.027541269,0.13300188,-0.047547373175621,0.1542963147163391,0.1903278,-0.014894433,0.22529627,-0.091625474,0.042594388,0.0858114302158355,0.0703397154808044,0.3025995,0.45814508,0.3676612,0.29283747,0.057282887,0.261316,0.28766936,0.41288537,0.18402198,0.07775247,0.18729182,0.11817187
1195.0,1957,0.001941861727427,0.0017376546626895,0.0001754484007377,0.0008298817760256,-0.058072075,0.11952099,0.3418076,0.28258437,-0.21748376,-0.06131161,-0.013022931,0.052290145,-0.08689737,0.1542814,0.2773521,0.19009344,-0.21170613,-0.10819526,-0.10786773,-0.15545192,0.15429531,0.26247343,0.1130849,0.09597921,0.3418076,-0.013022931,0.2773521,-0.10786773,0.1130849,-0.0839728116989135,0.1222707986831665,0.28258437,0.052290145,0.19009344,-0.15545192,0.09597921,0.0733537912368774,0.0930990517139434,0.30812708,0.44518882,0.31970933,0.3148807,-0.007946445,0.2511629,0.33965653,0.44698012,0.14579329,0.15982182,0.19809349,0.20676395
1173.0,1958,0.0018974398410754,0.0018207776588567,0.0001821682510728,0.0009134100286749,0.024099417,0.06659881,0.3578487,0.1706631,-0.16756415,-0.0975652,-0.12105125,-0.12410057,-0.04981632,0.105898224,0.09549754,0.032062307,-0.13746834,-0.09898023,-0.0706308,-0.16599855,0.10579947,0.21165872,0.034918256,-0.016634023,0.3578487,-0.12105125,0.09549754,-0.0706308,0.034918256,-0.0449899852275848,0.0593164920806884,0.1706631,-0.12410057,0.032062307,-0.16599855,-0.016634023,0.0375220656394958,-0.0208015471696853,0.2666073,0.38340873,0.2863386,0.24264205,0.055465974,0.23242836,0.32182994,0.36711937,0.1529593,0.08507359,0.14630166,0.0674517
1117.0,1959,0.0019128666210852,0.0018202764923011,0.0001830436391873,0.0009228634521361,0.049973466,0.12763166,0.37994337,0.22672963,-0.18776192,-0.05333779,-0.09437075,-0.104096204,-0.00095289946,0.15008624,0.093827635,0.07365943,-0.14883386,-0.15134445,0.0020103455,-0.09289606,0.11038146,0.26223946,0.11858107,0.067734376,0.37994337,-0.09437075,0.093827635,0.0020103455,0.11858107,-0.0354387462139129,0.0999983310699463,0.22672963,-0.104096204,0.07365943,-0.09289606,0.067734376,0.0670550227165222,0.0342262327671051,0.27834794,0.41505483,0.2738527,0.22736353,0.03179326,0.25305343,0.31355932,0.37989154,0.22646882,0.11641256,0.15178546,0.096903846
1057.0,1960,0.0020095597553303,0.0018171309293301,0.0001775353648072,0.0009407795831829,-0.020452533,0.044976346,0.3015164,0.14911422,-0.18978497,-0.12772942,-0.01836073,-0.042772837,-0.095670424,0.08154565,0.13143289,0.09559904,-0.14858955,-0.1382665,-0.058560792,-0.104772516,0.003205968,0.1785402,0.01910181,-0.054586694,0.3015164,-0.01836073,0.13143289,-0.058560792,0.01910181,-0.0902583062648773,0.0750259160995483,0.14911422,-0.042772837,0.09559904,-0.104772516,-0.054586694,0.0078132569789886,0.0085162416100502,0.23138012,0.35764718,0.19126305,0.1628585,-0.0089303525,0.22343773,0.21511975,0.2764377,0.17525572,0.069399066,0.16448283,0.0486306
874.0,1961,0.0020122009699922,0.001781193857463,0.0001755801529955,0.0009080513891197,-0.050265,0.08839129,0.4040575,0.25194928,-0.24967326,-0.13068134,0.050394047,0.029193595,-0.10803718,0.11480816,0.09472713,-0.0008343272,-0.16094127,-0.16070983,-0.19407654,-0.14884928,0.039924808,0.17306705,-0.07464597,-0.038827978,0.4040575,0.050394047,0.09472713,-0.19407654,-0.07464597,-0.1057983756065368,0.0560912430286407,0.25194928,0.029193595,-0.0008343272,-0.14884928,-0.038827978,0.0169750660657882,0.0185262635350227,0.33276665,0.4288351,0.17053756,0.17533529,0.06797707,0.2400546,0.32137164,0.38836628,0.26777542,0.1491586,0.117766194,0.08815411
926.0,1962,0.0020109888016902,0.0017754553675583,0.0001828938364205,0.0008980330450226,-0.05736762,0.0683445,0.30765417,0.22016671,-0.2412006,-0.11565176,-0.04068227,-0.020420484,-0.11393339,0.117617995,0.2738122,0.19366278,-0.10000852,-0.11612349,-0.1556064,-0.16203997,0.05091733,0.19027895,0.004825644,-0.008385869,0.30765417,-0.04068227,0.2738122,-0.1556064,0.004825644,-0.0923185586929321,0.0780006766319274,0.22016671,-0.020420484,0.19366278,-0.16203997,-0.008385869,0.0288932383060455,0.0445966362953186,0.37195534,0.4510096,0.30012113,0.25073487,0.061484452,0.30761364,0.3355621,0.4115806,0.22081903,0.11956247,0.25164738,0.1503263
1034.0,1963,0.0020132025828323,0.0017218104503911,0.00017299659664,0.0008484134696971,-0.10620784,0.032304764,0.31358594,0.13598281,-0.23800926,-0.119571775,-0.10318987,-0.0784692,-0.16214508,0.0034497716,0.10462631,-0.027112134,-0.121748365,-0.0894645,0.023677155,-0.09971762,0.06808528,0.19725795,-0.0044433624,-0.04520245,0.31358594,-0.10318987,0.10462631,0.023677155,-0.0044433624,-0.112005066871643,0.0668512344360351,0.13598281,-0.0784692,-0.027112134,-0.09971762,-0.04520245,0.0047952413558959,-0.0229037180542945,0.2695429,0.3582004,0.17816566,0.092032485,-0.007507551,0.19778948,0.27029997,0.35426384,0.1477234,0.020680007,0.1148217,0.012259152
1152.0,1964,0.0020260882906281,0.0016427392544276,0.0001763944827562,0.0008618056084474,-0.09095622,0.05706715,0.14242493,-0.008115787,-0.31358296,-0.16331649,-0.13419084,-0.059001677,-0.2109353,0.009727776,0.08527516,0.040952846,-0.29020503,-0.18067238,-0.19778536,-0.19746104,0.031552657,0.15099886,-0.054392602,-0.06940919,0.14242493,-0.13419084,0.08527516,-0.19778536,-0.054392602,-0.1748253583908081,-0.0317337453365325,-0.008115787,-0.059001677,0.040952846,-0.19746104,-0.06940919,-0.0252390146255493,-0.0586069703102111,0.24686892,0.33772796,0.18759575,0.13387094,-0.063578814,0.14203294,0.258945,0.33737463,0.062473148,0.008749951,0.0765792,0.023750642
1253.0,1965,0.0019501412093144,0.0015989135199276,0.0001581272675334,0.0008322552640355,-0.041151155,0.08302502,0.14054418,-0.08800418,-0.2782747,-0.16396153,-0.07443201,-0.030106805,-0.18413,0.053529125,-0.028242797,-0.04834,-0.15307434,-0.16304031,-0.23148303,-0.19992453,-0.033848666,0.05642116,-0.1704346,-0.13060687,0.14054418,-0.07443201,-0.028242797,-0.23148303,-0.1704346,-0.1380957603454589,-0.0728096485137939,-0.08800418,-0.030106805,-0.04834,-0.19992453,-0.13060687,-0.026805305480957,-0.0993964791297912,0.2550704,0.327159,0.10314847,0.031063326,-0.042455405,0.19222745,0.278751,0.32665452,0.13513573,0.0041458374,0.014441669,-0.14138128
1261.0,1966,0.0020415777445675,0.0015333564869633,0.0001427745193041,0.0008012761576432,0.07271709,0.012296636,0.12226689,-0.09865275,-0.23449585,-0.16033405,0.11873177,0.0925446,-0.26301283,-0.0810911,-0.14951973,-0.11894691,-0.102371715,0.036063313,-0.25624448,-0.17538886,-0.054798484,0.011819828,-0.26570702,-0.1561503,0.12226689,0.11873177,-0.14951973,-0.25624448,-0.26570702,-0.1163923501968383,-0.0860945105552673,-0.09865275,0.0925446,-0.11894691,-0.17538886,-0.1561503,-0.0362490743398666,-0.0913188457489013,0.2005521,0.1839615,0.046726696,0.01688153,-0.085521124,0.029082924,0.32862008,0.23800401,0.18855074,0.06920903,-0.047379553,-0.10790029
1237.0,1967,0.0020246552698007,0.0014915747212813,0.0001186020824255,0.0007792937209834,0.08661693,0.10648769,0.16478871,0.1228212,-0.1725786,-0.063309856,0.0025672112,0.13636728,-0.13477176,0.09666066,-0.10988188,-0.14480135,-0.16188625,-0.15789859,-0.2677124,-0.2173582,0.040266298,0.12750582,-0.25167865,-0.16522904,0.16478871,0.0025672112,-0.10988188,-0.2677124,-0.25167865,-0.068470674753189,-0.0923834025859832,0.1228212,0.13636728,-0.14480135,-0.2173582,-0.16522904,0.0218891441822052,-0.0536400198936462,0.27157056,0.21105865,0.11512628,0.0680233,-0.0655704,0.09481865,0.3962464,0.26800686,0.108448714,0.0655488,0.090274975,0.06702289
1178.0,1968,0.0020229475968156,0.0014450038602059,0.0001195928391877,0.0007418141647568,0.074525714,0.06436496,0.25870162,0.31687796,-0.26703793,0.01139248,-0.04682064,0.1461626,-0.12749419,0.024147015,0.026334267,0.007308714,-0.047415994,0.103147335,-0.3046302,-0.22706369,0.013400136,0.11657471,-0.2402699,-0.20117563,0.25870162,-0.04682064,0.026334267,-0.3046302,-0.2402699,-0.0708044528961181,-0.0613369703292846,0.31687796,0.1461626,0.007308714,-0.22706369,-0.20117563,0.063925302028656,0.0084219932556152,0.23651752,0.17199078,0.07030364,0.12117293,-0.012102723,0.13181233,0.3794186,0.18612322,-0.013695754,0.020736676,0.15320897,0.15829138
1264.0,1969,0.0020550113745311,0.0014355117289182,0.0001327604295348,0.0007020524778909,0.1071437,0.095103815,0.35825253,0.12831822,-0.19333492,-0.12509364,-0.024660902,0.085405976,-0.15336058,-0.032678805,0.028396212,-0.17325652,-0.070780054,0.0010844022,-0.24105667,-0.19723308,0.05015162,-0.02159629,-0.111059114,-0.0643942,0.35825253,-0.024660902,0.028396212,-0.24105667,-0.111059114,-0.0520360469818115,0.0019744098186492,0.12831822,0.085405976,-0.17325652,-0.19723308,-0.0643942,-0.0166361033916473,-0.0442319214344024,0.09785875,0.18884826,0.11694924,0.16185054,-0.092190586,0.051505998,0.3037396,0.26071495,0.038879085,0.039585434,0.14634043,0.09879845
1398.0,1970,0.0021450991141997,0.0014736966213644,0.0001566739941754,0.0007072280300073,0.08173978,0.19328462,0.19705066,0.005647421,-0.18462712,-0.022219475,-0.058823578,0.067530856,-0.15223779,0.078170955,0.2164551,-0.013096392,0.0045086853,0.06715244,-0.22383799,-0.16221496,-0.003414292,-0.022108816,-0.12820135,-0.15975448,0.19705066,-0.058823578,0.2164551,-0.22383799,-0.12820135,-0.0508061468601226,0.0005285680294036,0.005647421,0.067530856,-0.013096392,-0.16221496,-0.15975448,0.0588559448719024,-0.0523775100708007,0.23666358,0.21906795,0.06678605,-0.0031409785,-0.08223253,0.06628144,0.2944649,0.22473693,0.18277556,0.087342754,0.04310456,-0.09400278
1446.0,1971,0.0022021233385934,0.0015342329314965,0.0001877088410537,0.0006784373221405,-0.057641096,0.1667563,0.126351,-0.043555852,-0.23149574,-0.0478156,0.031432558,0.21049632,-0.12851389,0.1517562,0.07443713,-0.013173394,0.08797052,0.1551542,-0.15418276,-0.107565716,-0.106706224,0.042976283,-0.14957467,-0.06298894,0.126351,0.031432558,0.07443713,-0.15418276,-0.14957467,-0.0872772812843322,-0.0143073499202728,-0.043555852,0.21049632,-0.013173394,-0.107565716,-0.06298894,0.0937654793262481,-0.0033575147390365,0.28369915,0.37804323,0.11287679,0.12068869,-0.079899706,0.1588612,0.24525715,0.31052232,0.1338287,0.03970143,0.10636711,-0.0335033
1431.0,1972,0.0023599155444782,0.0015730937410296,0.0002240677464036,0.000682278723681,-0.04591334,0.08236669,0.11654137,-0.107000604,-0.28162444,-0.13490842,-0.059021443,0.012220494,-0.22137533,0.11181231,0.048176065,-0.04976795,-0.053203046,-0.018286364,-0.15942998,-0.12781318,-0.07486038,0.03514502,-0.13069627,-0.12939876,0.11654137,-0.059021443,0.048176065,-0.15942998,-0.13069627,-0.1353953123092651,-0.0368860512971878,-0.107000604,0.012220494,-0.04976795,-0.12781318,-0.12939876,0.0152258455753326,-0.0803519964218139,0.27676892,0.41070682,0.06880899,0.009085261,-0.08691988,0.21339,0.26339433,0.35053965,0.093494415,-0.0037308633,0.07597068,-0.06489887
1513.0,1973,0.002379180467098,0.0016173050488512,0.0002430775573511,0.0006645345831738,-0.06221267,0.050491847,0.19426021,-0.085360445,-0.2565958,-0.119636886,-0.0023559853,-0.00425718,-0.19851686,0.076175526,0.15089399,-0.027325088,-0.14208195,-0.10591338,-0.059181258,-0.22591436,-0.09673086,0.06256723,-0.012179092,-0.12128818,0.19426021,-0.0023559853,0.15089399,-0.059181258,-0.012179092,-0.1512276172637939,0.054287576675415,-0.085360445,-0.00425718,-0.027325088,-0.22591436,-0.12128818,-0.0072631329298019,-0.0928290486335754,0.20072196,0.3130622,0.14763512,0.06867699,-0.1349755,0.121746644,0.20316468,0.2738362,0.19189304,0.0105409175,0.17623602,-0.015898611
1519.0,1974,0.0024472996863421,0.0016670622594655,0.0002564915206245,0.0006621787935614,-0.043675847,0.0505021,0.32164493,0.016493417,-0.26023078,-0.08619322,0.19092545,0.11700924,-0.2087597,0.117031485,0.08235645,-0.113683835,-0.011610808,-0.076182425,0.05137324,-0.15227908,-0.091839075,0.022412807,0.0031167604,-0.1212401,0.32164493,0.19092545,0.08235645,0.05137324,0.0031167604,-0.1232232451438903,0.1298833727836608,0.016493417,0.11700924,-0.113683835,-0.15227908,-0.1212401,0.0055141493678092,-0.0507400691509246,0.2186646,0.33440375,0.246791,0.06904064,-0.06922062,0.1711878,0.26630843,0.3372017,0.174369,-0.03502266,0.07107021,-0.10529209
1594.0,1975,0.0024357597139247,0.001762874232073,0.0002645859130154,0.0006895054491695,-0.060236916,0.02541896,0.092231095,-0.105933934,-0.2671419,-0.15479265,-0.051797055,0.019581333,-0.22791755,0.05706364,0.016958073,-0.11298982,-0.1062839,-0.12091526,-0.16627431,-0.15821059,0.051188134,0.07585906,-0.0065161064,-0.091004014,0.092231095,-0.051797055,0.016958073,-0.16627431,-0.0065161064,-0.1220784306526184,-0.0230796605348587,-0.105933934,0.019581333,-0.11298982,-0.15821059,-0.091004014,-0.0234732523560524,-0.0897114038467407,0.28894874,0.31341887,0.21927463,0.054429233,-0.08904114,0.13604103,0.3061871,0.28484058,0.08244097,-0.042552553,0.09324393,-0.118262045
1519.0,1976,0.0024510967989824,0.0018534806541334,0.0002777476193541,0.0007171115555999,-0.032809477,0.07799655,-0.0021641813,-0.094305426,-0.21129194,-0.041295823,-0.01116218,0.039688073,-0.24148129,-0.010954801,-0.054232758,-0.2639528,-0.06594737,0.033717204,-0.23612288,-0.25359282,0.110965,0.09286439,-0.09867088,-0.13805997,-0.0021641813,-0.01116218,-0.054232758,-0.23612288,-0.09867088,-0.0881130099296569,-0.0804705739021301,-0.094305426,0.039688073,-0.2639528,-0.25359282,-0.13805997,0.0304655045270919,-0.1420445919036865,0.29624954,0.22499833,0.01690386,-0.040383697,-0.040972613,0.055581685,0.38991135,0.22003481,0.019089147,-0.018546201,-0.009825479,-0.096031286
1583.0,1977,0.0023510515091922,0.0019301410453778,0.0003016055064912,0.0007209409114027,0.048854083,0.08888079,0.019385196,-0.076123774,-0.19430543,-0.023872443,0.056652233,0.2290312,-0.16368634,0.103721626,0.020053716,-0.116979964,-0.055939857,0.00656398,-0.18559845,-0.20193271,0.11327466,0.14153498,-0.08406427,-0.10164791,0.019385196,0.056652233,0.020053716,-0.18559845,-0.08406427,-0.0503605782985687,-0.0347143143415451,-0.076123774,0.2290312,-0.116979964,-0.20193271,-0.10164791,0.0633657872676849,-0.0535306334495544,0.36806914,0.42346495,0.14887466,0.121416934,-0.020553464,0.15070021,0.4113575,0.37130237,0.058352783,0.042528085,0.14100538,0.024793508
1744.0,1978,0.0022842836085276,0.0020751532791591,0.0003115183242528,0.0007427891610681,-0.06678016,0.066926,0.16709967,0.048398644,-0.23107964,-0.077270746,0.07107928,0.07040854,-0.08177204,0.19956315,0.20138156,0.12649763,-0.05300661,0.017498542,-0.19834432,-0.20090866,0.15371498,0.29725403,0.025806539,0.041174203,0.16709967,0.07107928,0.20138156,-0.19834432,0.025806539,-0.0557846903800964,0.0534045457839965,0.048398644,0.07040854,0.12649763,-0.20090866,0.041174203,0.1007941961288452,0.0171140700578689,0.4364885,0.52099013,0.33826625,0.2623327,0.0019051488,0.20624243,0.38998693,0.4382748,0.15433708,0.07569379,0.19790858,0.10385609
1859.0,1979,0.0022059024586269,0.0022011871231817,0.0003303077156268,0.0007552242177634,-0.09075394,0.042106565,0.10220959,0.07641002,-0.23207916,-0.07922151,0.053682894,0.15307154,-0.031105287,0.21426985,0.14000468,0.048307113,-0.075040706,-0.006862427,-0.10259231,-0.11622891,0.22203295,0.32224417,0.084579475,0.076265305,0.10220959,0.053682894,0.14000468,-0.10259231,0.084579475,-0.0413892298936843,0.055576866865158,0.07641002,0.15307154,0.048307113,-0.11622891,0.076265305,0.0985073268413543,0.0475650131702423,0.4756714,0.512126,0.44999495,0.3503082,0.04819113,0.22398582,0.45660526,0.45844895,0.12315935,0.11072199,0.22162797,0.1580247
1930.0,1980,0.0021275761224127,0.0023366926564092,0.0003642678286195,0.000782439911323,-0.05903764,0.072722584,0.25711548,0.16082904,-0.16693099,-0.02743188,0.16189602,0.21383595,-0.062064804,0.19718853,0.21281025,0.08952602,-0.0841618,-0.0023257602,-0.07031933,-0.11445695,0.22728711,0.35071945,0.3177692,0.2634867,0.25711548,0.16189602,0.21281025,-0.07031933,0.3177692,-0.0289816260337829,0.1758543252944946,0.16082904,0.21383595,0.08952602,-0.11445695,0.2634867,0.1181745886802673,0.1226441621780395,0.4957567,0.55677456,0.50745726,0.38991132,0.0875835,0.2990862,0.47878736,0.5372261,0.24071586,0.20388277,0.36255184,0.28625947
1962.0,1981,0.00206532069959,0.0024698458070023,0.0004111986814661,0.0008067646369746,0.06502691,0.106162965,0.2984506,0.16313046,-0.18702497,-0.04336315,0.18222007,0.19348839,0.043607146,0.23643869,0.34755898,0.1052724,-0.13123652,-0.051461738,-0.07273248,-0.1244931,0.25578195,0.34058946,0.25251245,0.18211368,0.2984506,0.18222007,0.34755898,-0.07273248,0.25251245,0.0092309027910232,0.2016019344329834,0.16313046,0.19348839,0.1052724,-0.1244931,0.18211368,0.1176732420921325,0.1039023637771606,0.4777255,0.5026117,0.48721832,0.37640056,0.109693155,0.27099052,0.5154595,0.50391734,0.13697265,0.09422168,0.35487735,0.26301375
2128.0,1982,0.0020562225601159,0.0025901483591774,0.0004697919450588,0.0008075857695887,0.028583366,0.10435898,0.25620872,0.13645831,-0.18576774,-0.061548077,0.18723226,0.20394138,0.058147907,0.25778633,0.28352892,0.17380694,-0.07736872,0.01963593,-0.038968105,-0.10743812,0.24543276,0.33562303,0.307683,0.24331628,0.25620872,0.18723226,0.28352892,-0.038968105,0.307683,0.0138055145740509,0.1991369605064392,0.13645831,0.20394138,0.17380694,-0.10743812,0.24331628,0.1311712384223938,0.1300169587135315,0.4450094,0.5138942,0.5020077,0.40123916,0.08389326,0.317302,0.5235665,0.53556955,0.17298788,0.16690302,0.43229693,0.36248693
2227.0,1983,0.0020535259348304,0.0026933139546808,0.0005176986562876,0.0008103506281226,0.032810163,0.09803842,0.31924796,0.12934357,-0.14051905,0.0059948564,0.2706462,0.27994835,0.06348044,0.2656396,0.23456012,0.1094609,-0.09968541,0.008790784,-0.031098515,-0.12944831,0.28166527,0.3657522,0.3029083,0.20591798,0.31924796,0.2706462,0.23456012,-0.031098515,0.3029083,0.0275502800941467,0.2192528247833252,0.12934357,0.27994835,0.1094609,-0.12944831,0.20591798,0.1488431692123413,0.1190444946289062,0.48738676,0.50852853,0.5873652,0.42158562,0.085140504,0.30413067,0.5288085,0.51633036,0.21272941,0.15939935,0.4043796,0.29039386
2444.0,1984,0.002084864120921,0.0027975265339099,0.0005674860140386,0.0008243806333894,-0.020951726,0.067632124,0.4120346,0.13062418,-0.15415728,-0.079627566,0.13561834,0.12393798,0.08348873,0.25077963,0.37108487,0.09357548,-0.08731169,-0.036052622,0.05121015,-0.08844679,0.28381497,0.30160606,0.47478282,0.26984486,0.4120346,0.13561834,0.37108487,0.05121015,0.47478282,0.0209766030311584,0.2889461517333984,0.13062418,0.12393798,0.09357548,-0.08844679,0.26984486,0.1008675336837768,0.105907130241394,0.45054695,0.51422954,0.5751609,0.36317968,0.12087706,0.39840013,0.4693437,0.49402007,0.27459115,0.14781992,0.4747478,0.28230885
2619.0,1985,0.00211035976242,0.0028638509337225,0.0006375248388954,0.0008279396267231,0.049070816,0.047197044,0.35152096,0.09653203,-0.091172315,-0.031279393,0.28218102,0.15675355,0.10084338,0.25763538,0.48166227,0.25212264,0.021194091,0.05911155,0.04402246,-0.09707974,0.35373294,0.40992537,0.3889934,0.19411589,0.35152096,0.28218102,0.48166227,0.04402246,0.3889934,0.0867337822914123,0.3096760272979736,0.09653203,0.15675355,0.25212264,-0.09707974,0.19411589,0.1485179901123046,0.1204888701438903,0.50203884,0.51475316,0.5681372,0.38658357,0.15888603,0.34992442,0.5361622,0.4765235,0.31696603,0.18642873,0.45689985,0.26302975
2748.0,1986,0.0021384130196955,0.002913854950519,0.0006995124366134,0.0008164830865098,-0.015319563,0.05250038,0.2795458,0.111193866,-0.14092626,0.020738624,0.3638379,0.31412178,0.10213041,0.2771936,0.42856753,0.31874096,-0.057971932,0.023269683,0.19230969,0.025214171,0.36481535,0.45762217,0.42618197,0.28606907,0.2795458,0.3638379,0.42856753,0.19230969,0.42618197,0.0505456030368804,0.3380886077880859,0.111193866,0.31412178,0.31874096,0.025214171,0.28606907,0.1662648916244506,0.2110679626464843,0.47135222,0.52665734,0.6192603,0.45914462,0.15336752,0.35273784,0.5007041,0.5199138,0.3121122,0.19989799,0.4624504,0.3170302
2931.0,1987,0.0022212901069776,0.0029811147414665,0.0007510217378694,0.0008231104354438,-0.007555034,0.05572804,0.39383295,0.20624861,-0.16409558,0.004776437,0.25687438,0.24243635,0.1009521,0.29399827,0.4893278,0.3306387,-0.014265999,0.051693436,0.3835405,0.14445823,0.34057906,0.37789583,0.4115591,0.26744157,0.39383295,0.25687438,0.4893278,0.3835405,0.4115591,0.051122909784317,0.3870269536972046,0.20624861,0.24243635,0.3306387,0.14445823,0.26744157,0.1568184018135071,0.2382447004318237,0.45903093,0.49610215,0.6198928,0.4590549,0.17473724,0.3532486,0.51835346,0.49634865,0.34678304,0.23692802,0.4830912,0.35702765
3045.0,1988,0.0023260160987774,0.0030348882791096,0.0007999724860598,0.0008349080174119,0.020461682,0.039993316,0.32100523,0.16377634,-0.11544551,-0.012668405,0.370713,0.311168,0.14910847,0.30789015,0.4588005,0.2680722,-0.0022507515,-0.0023923442,0.14840353,0.036931228,0.39061356,0.3653794,0.44752073,0.24286538,0.32100523,0.370713,0.4588005,0.14840353,0.44752073,0.0884974896907806,0.3492885828018188,0.16377634,0.311168,0.2680722,0.036931228,0.24286538,0.1396404266357422,0.2045626163482666,0.5303155,0.5191746,0.6576152,0.5058962,0.19623211,0.3332544,0.5772664,0.51493526,0.3793953,0.27101755,0.53302145,0.37725702
3022.0,1989,0.0024097425723864,0.0030780986914916,0.0008554298571965,0.0008483522490061,-0.026388815,0.05788935,0.2056068,0.112185426,-0.18458846,-0.021661844,0.22779201,0.22699618,0.056194663,0.25155804,0.3614636,0.2677169,-0.09819432,-0.019165859,-0.056190673,-0.034854818,0.33836913,0.39130265,0.3353061,0.3064854,0.2056068,0.22779201,0.3614636,-0.056190673,0.3353061,0.0170784413814544,0.2147955656051635,0.112185426,0.22699618,0.2677169,-0.034854818,0.3064854,0.1319844603538513,0.1757058262825012,0.45278287,0.5131571,0.5387881,0.4752091,0.100911535,0.2878003,0.51779824,0.52840745,0.22841004,0.24250156,0.4171399,0.32337725
2982.0,1990,0.0024701655720491,0.0031206021015073,0.0009395141487991,0.0008639277552577,-0.045126427,0.051284328,0.3031761,0.1389813,-0.19609767,-0.07163862,0.12321002,0.18211868,0.01775691,0.17597714,0.39171505,0.26801434,-0.11884594,-0.07677252,-0.079575986,-0.022475742,0.28744853,0.37084916,0.31921405,0.2154486,0.3031761,0.12321002,0.39171505,-0.079575986,0.31921405,-0.0109729170799255,0.2115478515625,0.1389813,0.18211868,0.26801434,-0.022475742,0.2154486,0.0899398982524871,0.156417441368103,0.42072466,0.46111703,0.5297979,0.42946047,0.08772797,0.25535527,0.5062765,0.4754576,0.20252302,0.1676281,0.40390074,0.30645123
3051.3152,1991,0.0025127813943462,0.0031360409924259,0.0010109100854427,0.0008698541262463,-0.013245538,0.0092492215,0.39569056,0.23839132,-0.17929143,-0.045764327,0.13561544,0.116780266,0.06206083,0.2352756,0.2978458,0.18039146,-0.01930584,-0.019431682,0.015111216,0.038360864,0.30989432,0.4115344,0.44144738,0.27391267,0.39569056,0.13561544,0.2978458,0.015111216,0.44144738,0.0320224702358245,0.2571420907974243,0.23839132,0.116780266,0.18039146,0.038360864,0.27391267,0.1181726455688476,0.169567322731018,0.41932523,0.469339,0.5730021,0.44837618,0.07164121,0.33281857,0.45542884,0.43547195,0.2822787,0.2412312,0.49165034,0.3320225
3227.7441,1992,0.0025503778770143,0.0031188972968956,0.0010690598311648,0.0008683044231848,-0.016142499,0.03173171,0.40212587,0.2113473,-0.15270974,-0.08023226,0.1895383,0.15446737,0.18366495,0.3205053,0.43926394,0.30955416,-0.0024447907,-0.011318222,0.12122631,0.12850171,0.42757508,0.4427195,0.5870156,0.42664036,0.40212587,0.1895383,0.43926394,0.12122631,0.5870156,0.0879885971546173,0.3478340148925781,0.2113473,0.15446737,0.30955416,0.12850171,0.42664036,0.1406811952590942,0.2461021900177002,0.5487497,0.5401803,0.61154544,0.45568845,0.19584703,0.35074764,0.5801107,0.52214944,0.36860648,0.27545905,0.5347718,0.39957052
3506.48,1993,0.0025686892357563,0.003111146715759,0.0011233249623724,0.0008719504803999,0.024676014,0.06889052,0.35622773,0.20533605,-0.1630586,-0.047519363,0.1396656,0.11806593,0.20084405,0.29437423,0.6488198,0.48256546,-0.08434281,-0.045159847,0.39096767,0.12320828,0.43168953,0.48799485,0.5765943,0.42395067,0.35622773,0.1396656,0.6488198,0.39096767,0.5765943,0.0819616377353668,0.4224550247192383,0.20533605,0.11806593,0.48256546,0.12320828,0.42395067,0.1517160773277282,0.2706252813339233,0.54626,0.5342779,0.65972567,0.4673555,0.1679922,0.35181984,0.58225816,0.51253927,0.27071995,0.1912181,0.4487306,0.29932067
3730.164,1994,0.0025481468098535,0.0031185812461421,0.001204719559839,0.0008579890783023,-0.009746186,0.0070610903,0.47089458,0.2560454,-0.17372401,-0.11286379,0.11658882,0.017068101,0.17396814,0.2504671,0.50064427,0.33668464,-0.056450076,-0.050051223,0.14711817,0.045311365,0.36722144,0.41246772,0.60684204,0.428811,0.47089458,0.11658882,0.50064427,0.14711817,0.60684204,0.0602538645267486,0.3684175729751587,0.2560454,0.017068101,0.33668464,0.045311365,0.428811,0.1014161825180053,0.2167840957641601,0.49955052,0.48258764,0.6340404,0.45170915,0.16779661,0.30626658,0.5579332,0.47077787,0.3331884,0.21922714,0.50493956,0.32848066
3999.7292,1995,0.0025008994297032,0.0031309309357502,0.0012874538336445,0.0008385520361408,0.0033705924,0.04449745,0.43659753,0.20433877,-0.21188182,-0.06736415,0.10243122,0.006801948,0.14231977,0.24989976,0.41099575,0.16741116,-0.12638533,-0.161675,0.12161904,-0.072356835,0.34128958,0.35732746,0.4189029,0.21994796,0.43659753,0.10243122,0.41099575,0.12161904,0.4189029,0.0297425597906112,0.2981092691421508,0.20433877,0.006801948,0.16741116,-0.072356835,0.21994796,0.0845371007919311,0.1052286148071289,0.48514324,0.4573641,0.58170956,0.37138966,0.10101982,0.31579155,0.56703997,0.46472013,0.25704077,0.12239297,0.49660265,0.2732857
4219.644,1996,0.0024710689393551,0.0031168561311104,0.0013549980676056,0.0008170127884779,-0.06743202,-0.014020115,0.34001353,0.16604726,-0.20655815,-0.09088312,0.2359775,0.17594749,0.054443393,0.22442916,0.438508,0.30149543,-0.14228237,-0.12227674,-0.029281478,-0.17529784,0.26518166,0.35202506,0.4033783,0.29121417,0.34001353,0.2359775,0.438508,-0.029281478,0.4033783,-0.0193295001983642,0.2777191638946533,0.16604726,0.17594749,0.30149543,-0.17529784,0.29121417,0.06985484957695,0.1518813014030456,0.42604092,0.47559482,0.5703555,0.42181054,0.07266374,0.27883813,0.5113101,0.49527872,0.30802268,0.23332399,0.43544734,0.30584314
4310.828,1997,0.0024424527517632,0.0030946756214234,0.0014163208921737,0.0007909548349565,0.016266868,0.014484876,0.3377483,0.16297862,-0.18633594,-0.10235076,0.15738252,0.0653975,0.11337597,0.22802216,0.47861752,0.32827276,-0.09022437,-0.12602049,0.122375794,0.02216217,0.29507485,0.3323968,0.3882909,0.25957587,0.3377483,0.15738252,0.47861752,0.122375794,0.3882909,0.0296314775943756,0.2968830108642578,0.16297862,0.0653975,0.32827276,0.02216217,0.25957587,0.0693065166473388,0.1676773786544799,0.46569493,0.50117886,0.558409,0.41822287,0.10603264,0.2999174,0.53264356,0.5282854,0.19761574,0.106797464,0.43131378,0.28922158
4309.847,1998,0.0024357179758486,0.0031341522242827,0.0015208955637535,0.0007714751830738,0.024501456,0.0269094,0.35701007,0.16321766,-0.15340614,-0.087299556,0.31641793,0.19299501,0.1463204,0.28643513,0.5369904,0.23118056,-0.068287306,-0.07828842,0.2198769,0.023913193,0.39856774,0.42485058,0.49128667,0.27486253,0.35701007,0.31641793,0.5369904,0.2198769,0.49128667,0.0695392310619354,0.3843163967132568,0.16321766,0.19299501,0.23118056,0.023913193,0.27486253,0.1145214319229126,0.1772337913513183,0.51663977,0.51199734,0.59755623,0.40527788,0.18983124,0.32901877,0.57064575,0.50516665,0.27708748,0.15520969,0.4886653,0.27139163
4466.7363,1999,0.0024189167784892,0.0031806677155254,0.0016335989008869,0.0007587979656347,0.04522546,0.064232424,0.2636609,0.07930425,-0.15761963,-0.07610177,0.1833108,0.05452323,0.18626055,0.33082396,0.3502874,0.20517267,-0.13735196,-0.13568486,0.07095765,-0.02246111,0.34712392,0.44354385,0.3742814,0.2533838,0.2636609,0.1833108,0.3502874,0.07095765,0.3742814,0.0567276716232299,0.2484996318817138,0.07930425,0.05452323,0.20517267,-0.02246111,0.2533838,0.1253627181053161,0.1139845609664917,0.48529762,0.55230606,0.5559629,0.41923803,0.16308647,0.36594397,0.52561504,0.5273531,0.24687648,0.08130276,0.3830546,0.22346556
4730.3545,2000,0.0024045637817055,0.0032237239359747,0.0017615226961627,0.0007501364371478,-0.03971625,0.0711222,0.31101418,0.13250759,-0.15905754,-0.062306978,0.16275488,0.07933154,0.15549216,0.3255726,0.3777206,0.24606451,-0.10529353,-0.10710909,0.20893058,0.025179699,0.350613,0.40059483,0.43746462,0.27252042,0.31101418,0.16275488,0.3777206,0.20893058,0.43746462,0.0404075652360916,0.2995769739151001,0.13250759,0.07933154,0.24606451,0.025179699,0.27252042,0.1255747079849243,0.1511207580566406,0.48771656,0.56309485,0.61117756,0.45699334,0.11390884,0.3360216,0.5308175,0.5438993,0.30276072,0.17698634,0.48085114,0.30893934
4995.1445,2001,0.0023781641158555,0.0032353907668549,0.0018542973899359,0.0007522826433858,-0.05236365,0.02110269,0.289351,0.15120275,-0.24257505,-0.07621583,0.19867447,0.0808868,0.13023624,0.32289845,0.43786073,0.24526033,-0.167173,-0.118980974,0.08953196,0.034782574,0.3006601,0.42064983,0.3800258,0.24390113,0.289351,0.19867447,0.43786073,0.08953196,0.3800258,-0.0062430679798126,0.2790887832641601,0.15120275,0.0808868,0.24526033,0.034782574,0.24390113,0.1138908386230468,0.1512067198753356,0.40882766,0.51173055,0.5630694,0.41982543,0.09100726,0.3416451,0.47133458,0.5076201,0.22510347,0.089172564,0.49327517,0.32973555
5343.1123,2002,0.0023761799878099,0.0031911938770503,0.0019319438841348,0.0007515432575197,0.018751044,0.055591248,0.2656805,0.112141855,-0.19159546,-0.05899958,0.21482751,0.078005694,0.10196467,0.2525673,0.53443867,0.37013093,-0.13909325,-0.13950455,0.22430658,0.11339343,0.35410678,0.42361456,0.52227795,0.29852644,0.2656805,0.21482751,0.53443867,0.22430658,0.52227795,0.028826755285263,0.3523062467575073,0.112141855,0.078005694,0.37013093,0.11339343,0.29852644,0.1066537976264953,0.194439673423767,0.45448256,0.52843875,0.5890843,0.44934526,0.07183945,0.3472948,0.5079321,0.51099265,0.28787363,0.12911582,0.4680755,0.2942235
5649.4634,2003,0.0023954079909214,0.0031296816082083,0.0020011227145987,0.0007571383239987,-0.0012153313,0.0122028515,0.29959276,0.12793891,-0.21606582,-0.0829312,0.11248154,0.07272367,0.14828819,0.29278466,0.43036598,0.25352022,-0.22750448,-0.17686355,0.1475207,0.09267977,0.300637,0.36563656,0.26492494,0.11604368,0.29959276,0.11248154,0.43036598,0.1475207,0.26492494,0.0008279085159301,0.2509771823883057,0.12793891,0.07272367,0.25352022,0.09267977,0.11604368,0.0821658611297607,0.1325812578201294,0.36320293,0.46655026,0.5247071,0.3865813,0.048388228,0.30741388,0.45488474,0.44958687,0.19182089,0.12699482,0.4421341,0.29427359
6067.5913,2004,0.0023902210336278,0.003078799571188,0.0020543982089204,0.0007527262231162,0.017415423,0.051247336,0.30134302,0.15500107,-0.14388111,-0.070782974,0.118945874,0.01782947,0.15836386,0.26533037,0.30757862,0.1746673,-0.113019764,-0.15546882,0.017517835,0.03870309,0.36299604,0.37175483,0.33604985,0.12181152,0.30134302,0.118945874,0.30757862,0.017517835,0.33604985,0.0563748896121978,0.2162870407104492,0.15500107,0.01782947,0.1746673,0.03870309,0.12181152,0.0924161493778228,0.1016024947166442,0.41461086,0.44576728,0.5506764,0.3618397,0.09991626,0.3068715,0.4776547,0.45274812,0.30333358,0.16838562,0.46217895,0.23460482
6626.592,2005,0.0023503303538226,0.0030218071162094,0.0020699665701085,0.0007482893467535,-0.024065454,0.076668434,0.32801607,0.20284906,-0.18768746,0.005051218,0.13501589,0.14286825,0.18230268,0.3494318,0.58613247,0.35308677,-0.19726722,-0.14307281,0.0746187,0.06349677,0.3585595,0.40788922,0.44464692,0.20093745,0.32801607,0.13501589,0.58613247,0.0746187,0.44464692,0.0263684093952178,0.3136860132217407,0.20284906,0.14286825,0.35308677,0.06349677,0.20093745,0.1391935706138611,0.1926476597785949,0.40882272,0.49530327,0.6046345,0.42343736,0.092240386,0.3663386,0.4819727,0.51584554,0.3019143,0.14127307,0.5024996,0.30037093
7271.0356,2006,0.0023257405078506,0.0029798850163878,0.002090730564581,0.0007470979207287,-0.068909355,0.024596829,0.37781852,0.21972781,-0.14855906,-0.030719787,0.13477182,0.08040644,0.16191013,0.3305766,0.4400216,0.23582436,-0.19938874,-0.17474535,0.16779515,0.1442873,0.33658993,0.41953033,0.5141129,0.30444497,0.37781852,0.13477182,0.4400216,0.16779515,0.5141129,0.0163285851478576,0.3269040107727051,0.21972781,0.08040644,0.23582436,0.1442873,0.30444497,0.1138477325439453,0.1969381690025329,0.36154157,0.46802396,0.5710616,0.4123379,0.11332826,0.36568612,0.43195972,0.48921692,0.32378772,0.14367896,0.4850043,0.303268
7895.713,2007,0.0022803915808253,0.0028902946446921,0.0020751791462316,0.0007379027654183,-0.061960526,0.046057634,0.3642246,0.20098224,-0.17137282,-0.012019202,0.16349474,0.13562575,0.067604735,0.32761225,0.49182162,0.3839448,-0.14504008,-0.13453849,0.110238925,0.17809057,0.3296041,0.4430418,0.48210746,0.2446566,0.3642246,0.16349474,0.49182162,0.110238925,0.48210746,0.0037670791149139,0.3223774909973144,0.20098224,0.13562575,0.3839448,0.17809057,0.2446566,0.134030795097351,0.228659987449646,0.3394959,0.49069235,0.5859456,0.47158414,0.06483535,0.38387993,0.43430704,0.504524,0.31353903,0.1975073,0.54683363,0.38586688
8190.1123,2008,0.0022020761850529,0.002738540077776,0.002052016810962,0.0007156211435902,0.008332439,0.07286604,0.27961046,0.15428844,-0.12207429,0.022274338,0.1997789,0.10957176,0.120291315,0.30367,0.3439815,0.21846038,-0.19163722,-0.14950244,0.24249624,0.22419128,0.29330403,0.38352427,0.4177864,0.22792557,0.27961046,0.1997789,0.3439815,0.24249624,0.4177864,0.021643254160881,0.2967306852340698,0.15428844,0.10957176,0.21846038,0.22419128,0.22792557,0.1265664339065551,0.1868874788284301,0.35248107,0.49545723,0.5715648,0.39123258,0.045791715,0.31867126,0.40529373,0.4787023,0.38758332,0.24557376,0.48894265,0.30194718
8734.041,2009,0.0021158146448994,0.0026156764310254,0.00200386308379,0.0006905724073728,-0.050323837,0.03393323,0.33425778,0.18686177,-0.15938506,-0.022581832,0.14594018,0.070852146,0.13859226,0.29791388,0.44646055,0.26100975,-0.09465149,-0.09220369,0.08155824,0.06800805,0.32270518,0.3885445,0.3025365,0.14162621,0.33425778,0.14594018,0.44646055,0.08155824,0.3025365,0.0313874095678329,0.2621506452560425,0.18686177,0.070852146,0.26100975,0.06800805,0.14162621,0.1211212158203125,0.1456715822219848,0.354229,0.4760423,0.6012703,0.4282315,0.06645245,0.31061018,0.42648992,0.48802924,0.3773033,0.23726651,0.51799273,0.352309
9658.419,2010,0.0020265793535665,0.0024873143894885,0.0018580891753003,0.0006756954618002,0.0010679066,0.09026187,0.33738694,0.19328953,-0.12893482,-0.004830951,0.16150472,0.13985215,0.16168556,0.33803415,0.45812988,0.31881025,-0.11917229,-0.06192325,0.05659666,0.10912344,0.26377878,0.35975507,0.37089762,0.22653536,0.33738694,0.16150472,0.45812988,0.05659666,0.37089762,0.0356850266456604,0.2769031763076782,0.19328953,0.13985215,0.31881025,0.10912344,0.22653536,0.1442593812942504,0.1975221514701843,0.32442874,0.47206265,0.4474397,0.37737915,0.026423857,0.29867882,0.41836512,0.50239384,0.31448072,0.20086725,0.42733514,0.2826445
10221.0,2011,0.0019647966100819,0.0023807383306057,0.0017760906509839,0.0006520492180024,-0.053845644,0.051317398,0.27345067,0.12437951,-0.16124526,0.008264419,0.14495191,0.10177378,0.16887778,0.35647434,0.4522007,0.28608596,-0.118330434,-0.05536643,-0.013648134,0.023454215,0.30117917,0.39363235,0.34525824,0.2133447,0.27345067,0.14495191,0.4522007,-0.013648134,0.34525824,0.0273271232843399,0.240442681312561,0.12437951,0.10177378,0.28608596,0.023454215,0.2133447,0.1508644104003906,0.1498076200485229,0.33871666,0.4753741,0.42587352,0.3474483,0.04333833,0.34433696,0.42674142,0.50100017,0.24125044,0.099760965,0.38805735,0.25491324
10680.0,2012,0.0018458143328773,0.0022917474106622,0.0016551793256261,0.0006453502385487,-0.06404709,0.05908377,0.2674269,0.12115994,-0.20271274,-0.011367314,0.13554475,0.115890555,0.11223594,0.31271443,0.32173946,0.28024617,-0.15996729,-0.101847194,0.022621006,0.029557005,0.25100935,0.3204921,0.4817267,0.24971075,0.2674269,0.13554475,0.32173946,0.022621006,0.4817267,-0.012696373462677,0.2458117485046386,0.12115994,0.115890555,0.28024617,0.029557005,0.24971075,0.1158151626586914,0.1593128800392151,0.29622316,0.46158913,0.4471183,0.3219496,-0.04964032,0.28398457,0.41194645,0.4935477,0.2045492,0.15530115,0.41249987,0.23626778
11328.0,2013,0.0017543968095716,0.0021928000241153,0.0014517045583488,0.0006257733888535,0.025070405,0.12099524,0.26215982,0.17244315,-0.1586553,0.029772496,0.09749978,0.15450789,0.1831538,0.35369706,0.46687412,0.2784346,-0.1451903,-0.04349748,-0.0073761716,0.098881885,0.37619328,0.40269744,0.29264605,0.1932541,0.26215982,0.09749978,0.46687412,-0.0073761716,0.29264605,0.056114375591278,0.2223607063293457,0.17244315,0.15450789,0.2784346,0.098881885,0.1932541,0.1727329492568969,0.1795043349266052,0.3481421,0.47443375,0.45692858,0.3761517,0.07630018,0.34195685,0.48957404,0.5159557,0.31613052,0.25007254,0.4453637,0.31632075
11944.0,2014,0.0016817877871549,0.0020972740277207,0.0013329028800269,0.0006261478470881,-0.036672637,0.097127125,0.22245285,0.117599964,-0.19894683,0.016384223,0.07692021,0.095083766,0.17146975,0.34524018,0.45010203,0.2733767,-0.14270818,-0.11695683,0.0067011043,0.06452834,0.29339296,0.33838534,0.25544965,0.10455558,0.22245285,0.07692021,0.45010203,0.0067011043,0.25544965,0.0173070102930068,0.202325177192688,0.117599964,0.095083766,0.2733767,0.06452834,0.10455558,0.1360360145568847,0.1310288667678833,0.2944818,0.44852877,0.49333292,0.41259027,0.029915716,0.31970978,0.399875,0.48557425,0.38161302,0.26001635,0.43836322,0.288428
12244.0,2015,0.0017202791646663,0.0021911086961264,0.0013974091959231,0.0006820609939787,0.0057389215,0.12988687,0.31763268,0.17238283,-0.16570695,0.015242249,0.0879107,0.07087274,0.19343427,0.37308416,0.4810236,0.270242,-0.13410786,-0.040429592,0.035567593,0.055425465,0.31735054,0.3922064,0.3866077,0.2147489,0.31763268,0.0879107,0.4810236,0.035567593,0.3866077,0.0433417856693267,0.2617484569549561,0.17238283,0.07087274,0.270242,0.055425465,0.2147489,0.1739980220794677,0.1567343950271606,0.3118865,0.503927,0.5443711,0.3683989,0.047127366,0.3686754,0.42670512,0.53615177,0.37063056,0.24598643,0.497824,0.28821802
12569.0,2016,0.0016437387533707,0.0021348636703071,0.001305936768566,0.0006806936227365,-0.04216546,0.08952236,0.287659,0.15762623,-0.19602434,-0.0058560297,0.0072647333,0.11832382,0.18469943,0.35187626,0.42649192,0.24407077,-0.12152408,-0.06823545,-0.17840354,-0.096809015,0.30496418,0.33446917,0.3536717,0.14167126,0.287659,0.0072647333,0.42649192,-0.17840354,0.3536717,0.0259899467229843,0.1793367624282837,0.15762623,0.11832382,0.24407077,-0.096809015,0.14167126,0.1403552532196045,0.1129766106605529,0.28195447,0.47137982,0.41942018,0.30653697,0.051950656,0.33836412,0.4203747,0.51381016,0.2977207,0.16956677,0.38378447,0.20610175
12733.932,2017,0.0015993961132304,0.002188893633764,0.0013629821647403,0.0006784729505871,-0.056289926,0.13807441,0.3708307,0.19729389,-0.23776156,-0.012328077,0.12240642,0.16401073,0.17581534,0.39660543,0.5077977,0.28290528,-0.13298772,-0.09561302,-0.09912583,-0.10667162,0.2758978,0.33874214,0.3921497,0.11070757,0.3708307,0.12240642,0.5077977,-0.09912583,0.3921497,0.0049347877502441,0.2588117361068726,0.19729389,0.16401073,0.28290528,-0.10667162,0.11070757,0.1530961751937866,0.1296491742134094,0.26070675,0.4498389,0.5364863,0.3816979,0.0124221705,0.3029629,0.42860448,0.5385021,0.3711478,0.20855792,0.5237904,0.29461646
13101.706,2018,0.001546606541251,0.0022167124966628,0.00133008923558,0.000702146272431,-0.11464456,0.109937906,0.31364742,0.14383192,-0.20237151,-0.0006617401,0.16050927,0.043369487,0.06617352,0.33505023,0.49493665,0.34321812,-0.12296579,-0.042341597,0.08201462,0.013724549,0.31539893,0.35214192,0.3871708,0.095130265,0.31364742,0.16050927,0.49493665,0.08201462,0.3871708,-0.0116818785667419,0.2876557350158691,0.14383192,0.043369487,0.34321812,0.013724549,0.095130265,0.1508253455162048,0.1278548717498779,0.2667129,0.46386218,0.5610804,0.33717987,0.033879094,0.33367777,0.41627473,0.5173613,0.41293848,0.21056217,0.48648593,0.21715042
,2019,,,,,-0.09382166,0.06401734,0.27540413,0.08461616,-0.16160405,0.0040052626,0.14048997,0.053098023,0.058299836,0.33090723,0.43855608,0.17225556,-0.1104105,-0.09956059,-0.106860906,-0.0729516,0.19899847,0.2606516,0.44321316,0.046551142,0.27540413,0.14048997,0.43855608,-0.106860906,0.44321316,-0.0217075794935226,0.2381604671478271,0.08461616,0.053098023,0.17225556,-0.0729516,0.046551142,0.1120041608810424,0.056713855266571,0.21352878,0.4282143,0.40514275,0.22272858,-0.028265938,0.2986942,0.33575642,0.46345428,0.31248915,0.114735305,0.30870673,0.13928163
,2020,,,,,-0.0692097,0.12669162,0.15791976,-0.008466714,-0.15197484,-0.035419323,0.059277106,0.105392426,0.067258716,0.33994973,0.22527075,0.07775115,-0.12375865,-0.08289827,-0.018035159,-0.05850431,0.2714041,0.37843287,0.22564447,0.03939554,0.15791976,0.059277106,0.22527075,-0.018035159,0.22564447,-0.0012560784816741,0.1300153851509094,-0.008466714,0.105392426,0.07775115,-0.05850431,0.03939554,0.1453513264656067,0.0311136186122894,0.29392844,0.4866515,0.43210444,0.2870492,-0.019646809,0.26571596,0.4279644,0.5464877,0.33779368,0.15597308,0.29053795,0.15168136
,2021,,,,,-0.11788638,0.044220466,0.24764335,0.0057371743,-0.15643494,-0.0968063,0.14294577,0.033523105,0.051344544,0.34413204,0.28969103,0.09388464,-0.13422848,-0.15224555,0.022815704,-0.031170959,0.19253117,0.3072446,0.4594038,0.0898226,0.24764335,0.14294577,0.28969103,0.022815704,0.4594038,-0.032934820652008,0.2324999332427978,0.0057371743,0.033523105,0.09388464,-0.031170959,0.0898226,0.0893090486526489,0.03835931122303,0.26027575,0.44256485,0.4365829,0.1859636,0.01717207,0.27272344,0.4169643,0.5085737,0.43263197,0.12836169,0.3018216,0.09862852
